"SKU","Short Description","Vendor Number","Vendor Name","Model Number","Primary UPC","UOM","Max Qty","Retail Price","Retail Margin","Member Retail","Mult 1","Cost of Mult 1","Mult 2","Cost of Mult 2","Mult 3","Cost of Mult 3","Salecode","Performance Units","Performance Dollars","Page Number","Promo Retail","Promo Mult 1","Promo Cost of Mult 1","Promo Mult 3","Promo Cost of Mult 3","Status","Substitutes","Alternate UPC","UPS","Sensitivity","Name","Long Description","length","color","Country of Origin","Prod Class_Category Description","Prod Class Category ID","Prod Class_Department Description","Prod Class Department ID","Prod Class_Product Group Description","Prod Class Product Group ID","Prod Class_SubCategoryDescription","Prod Class SubCategory ID","Brand","Primary Central Stock Warehouse","Secondary Central Stock Warehouse"
"496069","14X24X1 BASIC FILTER","5293","3M","FPL23-2PK-24","00051141359984","Box","","5.99","41.469","","24","3.506","","","","","","D","E","","","","","","","Promotional","","50051141359989,70051141359983","true","High Awareness","Filtrete Residential MPR Flat Panel Furnace Filter","Filtrete Basic Air Filters capture large airborne particles. Available as pleated or flat panels, these non-electrostatic home air filters capture lint and household dust.","","","Mexico","Air Filters","E8S7","Heating, Ventilation & Air Conditioning","HVAC","Furnace Filter","4787","Air & Furnace Filters","91C6","Filtrete","",""
"495639","18X24X1 BASIC FILTER","5293","3M","FPL21-2PK-24","00051141387666","Box","","5.99","41.469","","24","3.506","","","","","","D","E","","","","","","","Promotional","","50051141387661,70051141387665","true","High Awareness","Filtrete Residential MPR Flat Panel Furnace Filter","Filtrete Basic Air Filters capture large airborne particles. Available as pleated or flat panels, these non-electrostatic home air filters capture lint and household dust.","","","Mexico","Air Filters","E8S7","Heating, Ventilation & Air Conditioning","HVAC","Furnace Filter","4787","Air & Furnace Filters","91C6","Filtrete","",""
"494342","12X24X1 BASIC FILTER","5293","3M","FPL20-2PK-24","00051141359991","Box","","5.99","41.469","","24","3.506","","","","","","E","E","","","","","","","Promotional","","50051141359996,70051141359990","true","High Awareness","Filtrete Residential MPR Flat Panel Furnace Filter","Filtrete Basic Air Filters capture large airborne particles. Available as pleated or flat panels, these non-electrostatic home air filters capture lint and household dust.","","","Mexico","Air Filters","E8S7","Heating, Ventilation & Air Conditioning","HVAC","Furnace Filter","4787","Air & Furnace Filters","91C6","Filtrete","",""
"491908","12X20X1 BASIC FILTER","5293","3M","FPL19-2PK-24","00051141360003","Box","","5.99","41.469","","24","3.506","","","","","","E","E","","","","","","","Promotional","","50051141360008,70051141360002","true","High Awareness","Filtrete Residential MPR Flat Panel Furnace Filter","Filtrete Basic Air Filters capture large airborne particles. Available as pleated or flat panels, these non-electrostatic home air filters capture lint and household dust.","","","Mexico","Air Filters","E8S7","Heating, Ventilation & Air Conditioning","HVAC","Furnace Filter","4787","Air & Furnace Filters","91C6","Filtrete","",""
"491244","24X24X1 BASIC FILTER","5293","3M","FPL12-2PK-24","00051141387680","Box","","5.99","41.469","","24","3.506","","","","","","D","E","","","","","","","Promotional","","50051141387685,70051141387689","true","High Awareness","Filtrete Residential MPR Flat Panel Furnace Filter","Filtrete Basic Air Filters capture large airborne particles. Available as pleated or flat panels, these non-electrostatic home air filters capture lint and household dust.","","","Mexico","Air Filters","E8S7","Heating, Ventilation & Air Conditioning","HVAC","Furnace Filter","4787","Air & Furnace Filters","91C6","Filtrete","",""
"489685","14X14X1 BASIC FILTER","5293","3M","FPL11-2PK-24","00051141387635","Box","","5.99","41.469","","24","3.506","","","","","","E","E","","","","","","","Promotional","","50051141387630,70051141387634","true","High Awareness","Filtrete Residential MPR Flat Panel Furnace Filter","Filtrete Basic Air Filters capture large airborne particles. Available as pleated or flat panels, these non-electrostatic home air filters capture lint and household dust.","","","Mexico","Air Filters","E8S7","Heating, Ventilation & Air Conditioning","HVAC","Furnace Filter","4787","Air & Furnace Filters","91C6","Filtrete","",""
"481352","12X12X1 BASIC FILTER","5293","3M","FPL10-2PK-24","00051141387628","Box","","5.99","41.469","","24","3.506","","","","","","E","E","","","","","","","Promotional","","50051141387623,70051141387627","true","High Awareness","Filtrete Residential MPR Flat Panel Furnace Filter","Filtrete Basic Air Filters capture large airborne particles. Available as pleated or flat panels, these non-electrostatic home air filters capture lint and household dust.","","","Mexico","Air Filters","E8S7","Heating, Ventilation & Air Conditioning","HVAC","Furnace Filter","4787","Air & Furnace Filters","91C6","Filtrete","",""
"478618","10X20X1 BASIC FILTER","5293","3M","FPL07-2PK-24","00051141387611","Box","","5.99","41.469","","24","3.506","","","","","","D","E","","","","","","","Promotional","","50051141387616,70051141387610","true","High Awareness","Filtrete Residential MPR Flat Panel Furnace Filter","Filtrete Basic Air Filters capture large airborne particles. Available as pleated or flat panels, these non-electrostatic home air filters capture lint and household dust.","","","Mexico","Air Filters","E8S7","Heating, Ventilation & Air Conditioning","HVAC","Furnace Filter","4787","Air & Furnace Filters","91C6","Filtrete","",""
"475809","15X20X1 BASIC FILTER","5293","3M","FPL06-2PK-24","00051141387642","Box","","5.99","41.469","","24","3.506","","","","","","D","D","","","","","","","Promotional","","50051141387647,70051141387641","true","High Awareness","Filtrete Residential MPR Flat Panel Furnace Filter","Filtrete Basic Air Filters capture large airborne particles. Available as pleated or flat panels, these non-electrostatic home air filters capture lint and household dust.","","","Mexico","Air Filters","E8S7","Heating, Ventilation & Air Conditioning","HVAC","Furnace Filter","4787","Air & Furnace Filters","91C6","Filtrete","",""
"470308","20X30X1 BASIC FILTER","5293","3M","FPL22-2PK-24","00051141387673","Box","","5.99","41.469","","24","3.506","","","","","","E","E","","","","","","","Promotional","","50051141387678,00051141390505,50051141390500,70051141390504,70051141387672","true","High Awareness","Filtrete Residential MPR Flat Panel Furnace Filter","Filtrete Basic Air Filters capture large airborne particles. Available as pleated or flat panels, these non-electrostatic home air filters capture lint and household dust.","","","Mexico","Air Filters","E8S7","Heating, Ventilation & Air Conditioning","HVAC","Furnace Filter","4787","Air & Furnace Filters","91C6","Filtrete","",""
"458809","14X20X1 BASIC FILTER","5293","3M","FPL05-2PK-24","00051141952116","Box","","5.99","41.469","","24","3.506","","","","","","C","D","","","","","","","Promotional","","50051141952111,00051141982151,50051141982156,70051141982150,70051141952115","true","High Awareness","Filtrete Residential MPR Flat Panel Furnace Filter","Filtrete Basic Air Filters capture large airborne particles. Available as pleated or flat panels, these non-electrostatic home air filters capture lint and household dust.","","","Mexico","Air Filters","E8S7","Heating, Ventilation & Air Conditioning","HVAC","Furnace Filter","4787","Air & Furnace Filters","91C6","Filtrete","",""
"443163","14X25X1 BASIC FILTER","5293","3M","FPL04-2PK-24","00051141360010","Box","","5.99","41.469","","24","3.506","","","","","","D","E","","","","","","","Promotional","","50051141360015,00051141982144,50051141982149,70051141982143,70051141360019","true","High Awareness","Filtrete Residential MPR Flat Panel Furnace Filter","Filtrete Basic Air Filters capture large airborne particles. Available as pleated or flat panels, these non-electrostatic home air filters capture lint and household dust.","","","Mexico","Air Filters","E8S7","Heating, Ventilation & Air Conditioning","HVAC","Furnace Filter","4787","Air & Furnace Filters","91C6","Filtrete","",""
"432867","20X25X1 BASIC FILTER","5293","3M","FPL03-2PK-24","00051141360027","Box","","5.99","41.469","","24","3.506","","","","","","C","D","","","","","","","Promotional","","50051141360022,00051141390482,50051141390487,70051141390481,70051141360026","true","High Awareness","Filtrete Residential MPR Flat Panel Furnace Filter","Filtrete Basic Air Filters capture large airborne particles. Available as pleated or flat panels, these non-electrostatic home air filters capture lint and household dust.","","","Mexico","Air Filters","E8S7","Heating, Ventilation & Air Conditioning","HVAC","Furnace Filter","4787","Air & Furnace Filters","91C6","Filtrete","",""
"418939","20X20X1 BASIC FILTER","5293","3M","FPL02-2PK-24","00051141360034","Box","","5.99","41.469","","24","3.506","","","","","","C","C","","","","","","","Promotional","","50051141360039,00051141390499,50051141390494,70051141390498,70051141360033","true","High Awareness","Filtrete Residential MPR Flat Panel Furnace Filter","Filtrete Basic Air Filters capture large airborne particles. Available as pleated or flat panels, these non-electrostatic home air filters capture lint and household dust.","","","Mexico","Air Filters","E8S7","Heating, Ventilation & Air Conditioning","HVAC","Furnace Filter","4787","Air & Furnace Filters","91C6","Filtrete","",""
"417452","16X25X1 BASIC FILTER","5293","3M","FPL01-2PK-24","00051141360041","Box","","5.99","41.469","","24","3.506","","","","","","B","C","","","","","","","Promotional","","50051141360046,70051141360040","true","High Awareness","Filtrete Residential MPR Flat Panel Furnace Filter","Filtrete Basic Air Filters capture large airborne particles. Available as pleated or flat panels, these non-electrostatic home air filters capture lint and household dust.","","","Mexico","Air Filters","E8S7","Heating, Ventilation & Air Conditioning","HVAC","Furnace Filter","4787","Air & Furnace Filters","91C6","Filtrete","",""
"409387","16X20X1 BASIC FILTER","5293","3M","FPL00-2PK-24","00051141359939","Box","","5.99","41.469","","24","3.506","","","","","","B","C","","","","","","","Promotional","","50051141359934,00051141975627,50051141975622,70051141975626,70051141359938","true","High Awareness","Filtrete Residential MPR Flat Panel Furnace Filter","Filtrete Basic Air Filters capture large airborne particles. Available as pleated or flat panels, these non-electrostatic home air filters capture lint and household dust.","","","Mexico","Air Filters","E8S7","Heating, Ventilation & Air Conditioning","HVAC","Furnace Filter","4787","Air & Furnace Filters","91C6","Filtrete","",""
"602418","24OZ CLEANER/DEGREASER","6776","Sunshine Makers","2710001213013","00043318130137","Each","","5.49","34.426","5.99","12","3.6","","","1","3.791","","A","A","","","","","","","Promotional","","10043318000307,10043318130134","true","High Awareness","Simple Green All-Purpose Cleaner & Degreaser Concentrate","EPA Safer Choice Certified Simple Green All-Purpose Cleaner is a powerful cleaner and degreaser designed for effective and environmentally safer use on all washable surfaces. The biodegradable formula easily removes tough dirt and grime without chemicals that can harm people and the environment. Concentrated formula provides up to 30x the cleaning value. Use it full-strength for heavy messes, or easily dilute with water for daily cleaning. Removes built-up dirt, grease, food spills, ink, pet stains and other tough grime indoors and out. For use on floors, carpets, walls, countertops, appliances, furniture, fabric, tools and more. This versatile cleaner can easily replace a cabinet full of harsh cleaners, detergents, degreasers and laundry pre-soaks, making clean-up simple and safer. Leaves behind a fresh sassafras scent. This formula is readily biodegradable per OECD 301D. Backed by our 100% money-back guarantee.","","","United States","Cleaning Chemicals","W527","Cleaning Supplies","CLNG","Cleaner & Degreaser","QSP5","Cleaners & Degreasers","4S4K","Simple Green","",""
"785115","6OZ GOOF OFF REMOVER","7245","William Barr","FG661","00093945006619","Each","","5.79","35.596","5.79","12","3.729","","","1","3.927","","B","B","","","","","","","Promotional","","30093945006610","true","High Awareness","Goof Off Pro Strength Remover","Goof Off Pro Strength works the first time quickly and easily removing those tough spots and stains ordinary household cleaners can't. Removes: Adhesives & glue, crayon, pen & marker, gum, scuff marks, stickers & decals, asphalt & tar, dried latex paint, duct tape, caulk, tree sap, candle wax, lipstick, oil & grease and more. Ideal for all kinds of hard surfaces including: Fully cured varnished or oil-based painted surfaces, baseboards all metals, glass, brick, wood, concrete, grout, fiberglass, hand tools, and most automotive surfaces. Do not use on plastics, worn vinyl floors, some automotive paints, and some carpets. Always test on an inconspicuous area first, as every hard surface is different.","","","United States","Strippers & Removers","88UP","Paint & Painting Supplies","PNTG","Paint Remover","7157","Paint, Varnish, & Stain Removers","BU72","Goof Off","",""
"771719","9X3/8 PRO/DOOZ WVN COVER","7601","Wooster Brush","RR666-9","00071497176936","Each","","7.29","52.167","","12","3.487","","","1","3.691","","B","C","","","","","","","Promotional","","10071497176933","true","Mod Awareness","Wooster Pro/Doo-Z FTP Woven Fabric Roller Cover","Shed-resistant and high density for today's paints: flat, eggshell, satin, semigloss, gloss, enamels, primers, urethanes and epoxies. HydroFlow technology provides controlled release to improve paint flow. Wooster-exclusive fabric with double golden pinstripe for smooth finish, great capacity. Green double-thick polypropylene core resists water, solvents and cracking.","","","United States","Paint  Applicators & Accessories","CPY2","Paint & Painting Supplies","PNTG","Woven Fabric Roller Cover","E46Y","Roller Cover","3434","Wooster","",""
"784869","2PK 4-1/2X3/8 FTP COVER","7601","Wooster Brush","RR371-4 1/2","00071497177001","Package","","6.99","49.700","","12","3.516","","","1","3.72","","C","C","","","","","","","Promotional","","10071497177008,00071497192813,10071497192810","true","Mod Awareness","Wooster Jumbo-Koter Pro/Doo-Z FTP Woven Fabric Roller Cover","Jumbo-Koter Pro/Doo-Z FTP is shed-resistant for the smoothest professional finish with all paints, enamels, primers, urethanes, epoxies and adhesives. High-density white fabric with a golden pinstripe, exclusively from Wooster, stays resilient and resists matting.","","","United States","Paint  Applicators & Accessories","CPY2","Paint & Painting Supplies","PNTG","Woven Fabric Roller Cover","E46Y","Roller Cover","3434","Wooster","",""
"601025","28OZ ALL PRP CLNR GRPFRT","2338","Lifestyle Brands","00010","00817939000106","Each","","5.49","24.900","","8","4.123","","","1","4.321","","C","C","","","","","","","Promotional","","10817939000103","true","Mod Awareness","Method All-Purpose Cleaner","Grease and grime don't stand a chance. Not with powerful, plant-based cleaning agents in your grasp. With a biodegradable formula, each squirt cuts through dirt + gunk, leaving behind the pleasant scent of victory.","","","United States","Cleaning Chemicals","W527","Cleaning Supplies","CLNG","Natural All-Purpose Cleaners","26PU","All-Purpose Cleaners","7N21","Method","",""
"601012","28OZ ALL PRP CLNR LAVNDR","2338","Lifestyle Brands","00005","00817939000052","Each","","5.49","24.900","","8","4.123","","","1","4.321","","C","C","","","","","","","Promotional","","10817939000059","true","Mod Awareness","Method All-Purpose Cleaner","Grease and grime don't stand a chance. Not with powerful, plant-based cleaning agents in your grasp. With a biodegradable formula, each squirt cuts through dirt + gunk, leaving behind the pleasant scent of victory.","","","United States","Cleaning Chemicals","W527","Cleaning Supplies","CLNG","Natural All-Purpose Cleaners","26PU","All-Purpose Cleaners","7N21","Method","",""
"600884","28OZ ALL PRP CLNR LIME","2338","Lifestyle Brands","01239","00817939012390","Each","","5.49","24.900","","8","4.123","","","1","4.321","","C","D","","","","","","","Promotional","","20817939012394,30817939012391","true","Mod Awareness","Method All-Purpose Cleaner","Grease and grime don't stand a chance. Not with powerful, plant-based cleaning agents in your grasp. With a biodegradable formula, each squirt cuts through dirt + gunk, leaving behind the pleasant scent of victory.","","","United States","Cleaning Chemicals","W527","Cleaning Supplies","CLNG","Natural All-Purpose Cleaners","26PU","All-Purpose Cleaners","7N21","Method","",""
"360608","2PK ORGVPR DSP RESPIRATR","6433","Safety Works","PRO43363-2","00616314926037","Box","","6.49","39.753","","6","3.91","","","1","4.122","","N/A","N/A","","","","","","","Promotional","","20616314926031","true","Low Awareness","PIP Pro Safety Organic Vapor N95 Disposable Respirator","The PIP Pro Safety N95 Organic Vapor Respirator is designed to filter out airborne particles and provide a secure fit for the wearer. Its foldable design allows for easy storage and transportation, making it ideal for on-the-go use. The ultra-sonic welded head straps offer enhanced durability and strength, ensuring that the respirator stays securely in place even during rigorous activities. This respirator features an innovative nose clip that can be easily adjusted to ensure a secure and personalized fit. The foam nosepiece not only enhances comfort but also helps to create a tight seal, preventing any unwanted particles or contaminants from entering the respiratory system. The disposable nature of the respirator makes it convenient and hygienic, allowing for easy disposal after use. Trust in this indispensable tool in any environment where respiratory safety is paramount.","","","Thailand","Respiratory Protection","3158","Safety","SAFE","Respirator","L39F","Dust Suit, Dust Masks & Respirators","9B43","PIP Pro Safety","",""
"629832","32OZ SPRAY BOTTLE","2797","ZEP Enforcer","ZUPRO2","00021709024586","Each","","7.49","44.366","6.99","12","4.167","","","1","4.397","","C","C","","","","","","","Promotional","","10021709024583","true","Mod Awareness","Zep Bleach Resistant Spray Bottle","Zep sprayers are known for quality and performance. Zep's Bleach Resistant Sprayer is the next resolution in our revolutionary line-up of sprayers. We know that pros rely on the right tools to get the job done. This chemical resistance sprayers stands up to harsh bleach and chemicals. This product is designed to spray upside down and at any angle for those hard-to-reach spots. Fill the Zep Bleach Resistant Sprayer with bleach, any of Zep's EPA registered disinfectants, or Zep's large line of pro-strength cleaners for a next level clean.","","White, Blue ,Yellow","United States","Cleaning Tools & Supplies","UX21","Cleaning Supplies","CLNG","Spray Bottle","J429","Spray Bottles","3962","Zep","",""
"266353","3LB RDMIX JOINT COMPOUND","2446","Dap","7079810100","00070798101005","Pail","","13.99","62.130","13.99","6","5.298","","","1","5.622","","B","B","","","","","","","Promotional","","10070798101002","true","Price Sensitive","Dap Pre-Mixed Latex Wallboard Drywall Joint Compound","A latex joint compound for treating taped joints of interior gypsum panels. Also may be used for finishing and patching. Clean up with water. Interior use. White.","","","United States","Wall Materials","GK8C","Building Materials","BLDG","Drywall Joint Compound","YC6Z","Drywall Joint Compounds & Tape","I6BL","DAP","",""
"785107","12OZ GOOF OFF SPRAY","7245","William Barr","FG658","00093945306580","Each","","8.99","41.646","8.99","6","5.246","","","1","5.54","","B","B","","","","","","","Promotional","","30093945306581,30093945386583","true","High Awareness","Goof Off Pro Strength Remover","Goof Off Pro Strength works the first time quickly and easily removing those tough spots and stains ordinary household cleaners can't. Removes: Adhesives & glue, crayon, pen & marker, gum, scuff marks, stickers & decals, asphalt & tar, dried latex paint, duct tape, caulk, tree sap, candle wax, lipstick, oil & grease and more. Ideal for all kinds of hard surfaces including: Fully cured varnished or oil-based painted surfaces, baseboards all metals, glass, brick, wood, concrete, grout, fiberglass, hand tools, and most automotive surfaces. Do not use on plastics, worn vinyl floors, some automotive paints, and some carpets. Always test on an inconspicuous area first, as every hard surface is different.","","","United States","Strippers & Removers","88UP","Paint & Painting Supplies","PNTG","Paint Remover","7157","Paint, Varnish, & Stain Removers","BU72","Goof Off","",""
"200597","15LB CLR MOUNTING TAPE","5260","Gorilla Glue","6065003","00052427606501","Each","","9.19","45.082","9.19","6","5.047","","","1","5.319","","A","A","","","","","","","Promotional","","30052427606502","true","Mod Awareness","Gorilla Double-Sided Mounting Tape","Gorilla Mounting Tape is a double-sided tape that mounts in an instant, for a permanent, weatherproof bond. The adhesive tape won't yellow over time. This tape is perfect for indoor and outdoor projects and is an excellent alternative to nails and screws. It conforms to smooth and rough surfaces to form a permanent, industrial strength bond. Bonds permanently to plastic, metal, wood, glass, brick, ceramic, stone, and more.","","Clear","South Korea","Tape & Adhesives","67XR","Office Supplies","OFFC","Mounting Tape","AP35","Mounting Adhesives","953I","Gorilla","",""
"618745","32OZ GROUT CLEANER","2797","ZEP Enforcer","ZU104632","00021709009897","Each","","11.79","46.412","","12","6.318","","","1","6.661","","C","C","","","","","","","Promotional","","10021709009894","true","Mod Awareness","Zep Commercial Floor Grout Cleaner","Zep Grout Cleaner & Brightener is a pro-strength acidic formula that deep cleans and lifts tough stains from grout in minutes. The squeeze-bottle design allows for easy application with no heavy scrubbing needed. Safe for use on both white and tinted grout, it quickly brightens and restores grout lines.","","","United States","Cleaning Chemicals","W527","Cleaning Supplies","CLNG","Tile & Grout Cleaner","8N76","Tile & Grout Cleaners","3V91","Zep","",""
"585580","16OZ TRIGGR SPRAY RAIN-X","5038","ITW Global Brands","800002250","00079118010737","Each","","8.49","33.899","9.99","6","5.612","","","1","5.897","","C","C","","","","","","","Promotional","","00079118010720","true","High Awareness","Rain-X Original Water Repellent","For windshields, mirrors and lights, glass shower doors, and home glass windows. Forms a super-slick, invisible repellent coating. Makes rain, sleet and snow bead-up and roll off. Restricts adhesion and build-up of frost, bugs, salt, tree sap, mud, and road grime. Avoid using on plastic surfaces, plexiglass, and fiberglass.","","","United States","Automotive Cleaning Supplies","QR73","Automotive","AUTO","Water Repellent","TS9X","Glass Cleaner","93ZJ","RAIN-X","",""
"200613","30LB BLK MOUNTING TAPE","5260","Gorilla Glue","6055002","00052427605504","Each","","11.49","43.621","11.99","6","6.478","","","1","6.83","","A","A","","","","","","","Promotional","","20052427605508","true","Mod Awareness","Gorilla Double-Sided Mounting Tape","Gorilla Mounting Tape is a double-sided tape that mounts in an instant, for a permanent, weatherproof bond. The adhesive tape won't yellow over time. This tape is perfect for indoor and outdoor projects and is an excellent alternative to nails and screws. It conforms to smooth and rough surfaces to form a permanent, industrial strength bond. Bonds permanently to plastic, metal, wood, glass, brick, ceramic, stone, and more.","","Black","South Korea","Tape & Adhesives","67XR","Office Supplies","OFFC","Mounting Tape","AP35","Mounting Adhesives","953I","Gorilla","",""
"800785","CLASSIC 26M LAUNCHER","5343","Petmate Doskocil","06400","00660048064008","Each","","16.99","54.785","16.99","12","7.682","","","1","8.126","","D","D","","","","","","","Promotional","","40660048064006,20660048064002","true","High Awareness","Petmate Chuckit Ball Launcher Dog Toy","Classic ball launcher that is convenient to carry and use. Features an extendable, ergonomic handle and a convenient clip that can be hooked to a belt or leash for portability. Throw tennis balls 2-3 times farther than throwing by hand. Hands free ball pick up. Compatible with standard tennis ball and Chuckit tennis ball.","","Bright Green","United States","Dog Supplies","6159","Pet Supplies","PETS","Toy","AGW1","Dog Toys","1499","Chuckit!","",""
"700377","BRASS BIG SHOT NOZZLE","7360","K-CO","MLBSR48-106","00815149010106","Each","","11.49","41.488","13.99","48","6.723","6","7.015","1","7.377","","B","B","","","","","","","Promotional","{""sku"":""758268"",""type"":""Member Option""}","10815149010103,20815149010100,20815149010124","true","Mod Awareness","Little Big Shot Twist Nozzle","Saves water and gives more power - uses 40% less water than a classic pistol nozzle. Twist to adjust from maximum power to pinpoint accuracy or full Off (Power Sweep, Spray and Pin-Point). Pinpoint accuracy even under low water pressure and continuous adjusting. Will not leak. Made in the USA and assembled by disabled veterans.","","Brass","United States","Hoses & Accessories","2912","Lawn & Garden","LAWN","Twist Nozzle","C855","Hose Nozzles & Wands","68RB","Little Big Shot","",""
"788125","WH AMP KTCHN&BTH SEALANT","2446","Dap","7079800762","00070798007628","Each","","11.99","44.862","13.99","12","6.611","","","1","6.968","","B","B","","","","","","","Promotional","","10070798007625","true","High Awareness","DAP AMP Kitchen, Bath & Plumbing Sealant","DAPs AMP Advanced Modified Polymer Kitchen, Bath and Plumbing Sealant provides a 100% waterproof seal with the ability to be applied on wet and damp surfaces. It has a fast 30-minute paint and water ready time and prevents the growth of stains and odor-causing mold and mildew on the sealant. For interior use. This premium hybrid technology offers maximum flexibility and superior adhesion for a durable seal that wont crack or shrink. It is safe for marble and granite and most metals and prevents mold and mildew growth for a lifetime guarantee. DAP AMP Kitchen, Bath and Plumbing sealant is easy to use, low in odor, VOC compliant and ideal for interior kitchen and bath applications.","","White","United States","Caulk & Sealant","E6NC","Paint & Painting Supplies","PNTG","Polymer Sealant","E4MR","Sealant","442K","DAP","",""
"705717","14OZ MOSQUITO FOGGER","9266","Maggie's Farm","MMFA014","00811249020328","Each","","8.99","28.810","10.29","6","6.4","","","1","6.717","","C","C","","","","","","","Promotional","","10811249020325","true","Mod Awareness","Maggie's Farm Outdoor Mosquito Fogger","Kills and repels mosquitoes, flies, gnats, moths, and other flying insects. Lasts up to 8 hours. Made from natural plant oils.","","","United States","Insect & Pest Control","91G5","Lawn & Garden","LAWN","Outdoor Insect Fogger","94K3","Outdoor Foggers & Fogger Insecticide","T9H3","Maggie's Farm","",""
"745830","8OZ GLASS HUMMER FEEDER","2235","Woodstream","203CPBN","00078978210875","Each","","13.99","58.427","14.79","6","5.816","","","1","6.166","","C","B","","","","","","","Promotional","","30078978210876,30078978714169","true","High Awareness","Perky-Pet Glass Hummingbird Feeder","8 Oz. glass feeder. Bottle unscrews for easy filling and cleaning. 4 flower feeding ports. Features a built-in ant moat and hanging hook. Bee guard opens for easy cleaning.","","Red","United States","Bird & Wildlife Supplies","EXRL","Lawn & Garden","LAWN","Hummingbird Feeder","S387","Bird Feeders & Accessories","6S52","Perky-Pet","",""
"625038","5CT SP TRVL LG BAG","3984","H M S Mfg. Co.","HFTPDQ-7045463-3","00025947704507","Each","","13.99","34.739","","3","9.13","","","1","9.615","","N/A","N/A","","","","","","","Promotional","","10025947704511","true","Mod Awareness","Hefty Large Vacuum Seal Storage Bags","Hefty Shrink-Pak travel is compressed, space-saving storage and organization. Clear, see through storage bag with a red and yellow Double Closure zipper that slides together for a Double Closure, air tight seal. Shrink-Pak travel is confidently devoted to shrinking and packing your things.","","Clear","China","Storage & Space Saving Bags","NJ75","Storage & Organization","STRG","Vacuum Seal Storage Bags","XZQ2","Storage Bags","F126","Hefty","",""
"430072","CRYSTAL DRAIN CLEANER","2797","ZEP Enforcer","ZDC16","00021709500165","Each","","11.99","31.376","12.49","12","8.228","","","1","8.64","","D","C","","","","","","","Promotional","","10021709500162","true","Mod Awareness","Zep Drain Defense Crystal Drain Cleaner","Enzymatic drain cleaner ends slow drains. Safe for all pipes and septic systems. Environmentally safe, USDA approved. Prevents clogs by cleaning and removing build-up. Regular use keeps pipes clean. Jar provides 50 treatments.","","","United States","Drain Openers & Septic Tank Treatments","Y6AK","Plumbing Supplies","PLBG","Drain Opener & Cleaner","3ZGS","Chemical Drain Openers & Cleaners","XR2E","Zep","",""
"780280","WHT HGHWY STRIPING PAINT","2605","Krylon","K00830008","00075577083008","Each","","12.99","44.888","11.99","6","7.159","","","1","7.643","","C","C","","","","","","","Promotional","","50075577083003","true","Mod Awareness","Krylon Professional Solvent-Based Striping Paint","A highly pigmented paint that produces sharp, durable stripes in one pass. Cans spray in an upside-down position. From contracting sites to parking lots, wherever bright crisp lines are required, this paint will do a professional-looking job quickly and easily. Covers approximately 29 Sq. Ft. per 18 Oz. can. Dries fast.","","Highway White","United States","Spray Paints","DP9S","Paint & Painting Supplies","PNTG","Striping Paint","5489","Marking & Striping Paint","T5GS","Krylon","",""
"774335","HGHWY YEL STRIPING PAINT","2605","Krylon","K00830108","00075577083015","Each","","12.99","44.888","9.99","6","7.159","","","1","7.643","","C","C","","","","","","","Promotional","","50075577083010,00724504059110,10724504059117","true","Mod Awareness","Krylon Professional Solvent-Based Striping Paint","A highly pigmented paint that produces sharp, durable stripes in one pass. Cans spray in an upside-down position. From contracting sites to parking lots, wherever bright crisp lines are required, this paint will do a professional-looking job quickly and easily. Covers approximately 29 Sq. Ft. per 18 Oz. can. Dries fast.","","Highway Yellow","United States","Spray Paints","DP9S","Paint & Painting Supplies","PNTG","Striping Paint","5489","Marking & Striping Paint","T5GS","Krylon","",""
"774326","HNDCP BLU STRIPING PAINT","2605","Krylon","K00830208","00075577083022","Each","","12.99","44.888","9.99","6","7.159","","","1","7.643","","C","C","","","","","","","Promotional","","50075577083027","true","Mod Awareness","Krylon Professional Solvent-Based Striping Paint","A highly pigmented paint that produces sharp, durable stripes in one pass. Cans spray in an upside-down position. From contracting sites to parking lots, wherever bright crisp lines are required, this paint will do a professional-looking job quickly and easily. Covers approximately 29 Sq. Ft. per 18 Oz. can. Dries fast.","","Handicap Blue","United States","Spray Paints","DP9S","Paint & Painting Supplies","PNTG","Striping Paint","5489","Marking & Striping Paint","T5GS","Krylon","",""
"789853","CL AMP KTCHN&BTH SEALANT","2446","Dap","7079800763","00070798007635","Each","","11.99","34.696","","12","7.83","","","1","8.228","","C","C","","","","","","","Promotional","","10070798007632","true","High Awareness","DAP AMP Kitchen, Bath & Plumbing Sealant","DAPs AMP Advanced Modified Polymer Kitchen, Bath and Plumbing Sealant provides a 100% waterproof seal with the ability to be applied on wet and damp surfaces. It has a fast 30-minute paint and water ready time and prevents the growth of stains and odor-causing mold and mildew on the sealant. For interior use. This premium hybrid technology offers maximum flexibility and superior adhesion for a durable seal that wont crack or shrink. It is safe for marble and granite and most metals and prevents mold and mildew growth for a lifetime guarantee. DAP AMP Kitchen, Bath and Plumbing sealant is easy to use, low in odor, VOC compliant and ideal for interior kitchen and bath applications.","","Crystal Clear","United States","Caulk & Sealant","E6NC","Paint & Painting Supplies","PNTG","Polymer Sealant","E4MR","Sealant","442K","DAP","",""
"791048","3PK 9"" SUP/FAB KNIT COVR","7601","Wooster Brush","RR927-9","00071497179869","Package","","15.99","43.846","","10","8.979","","","1","9.484","","C","C","","","","","","","Promotional","","10071497179866","true","High Awareness","Wooster Super/Fab FTP Knit Fabric Roller Cover","Shed-resistant and high capacity For Today's Paints: flat, eggshell, satin. HydroFlow technology provides controlled release, prevents sagging. Lager-colored fabric exclusively from Wooster for fastest coverage, non-matting for longer life. Polypropylene core resists water, solvents, and cracking. 9 In., 14 In., and 18 In. have green double-thick polypropylene core.","","","United States","Paint  Applicators & Accessories","CPY2","Paint & Painting Supplies","PNTG","Knit Fabric Roller Cover","IX2W","Roller Cover","3434","Wooster","",""
"808156","24OZ TUBELESS SEALANT","5038","ITW Global Brands","10008","00716281000690","Each","","18.99","46.704","18.99","6","10.121","","","1","10.671","","C","C","","","","","","","Promotional","","10716281008334","true","Low Awareness","Slime ATV & Mower Tubeless Tire Sealant","24-ounce tubeless sealant for ATV and mowers. Slime can be installed as a pre-treatment before a puncture occurs. Slime can also be used to repair a flat tire or a slow leak. Simply remove the valve core from your tire, inject Slime, re-inflate, and rotate it.","","","United States","Tires & Wheels","2397","Automotive","AUTO","Tire Sealant","K76S","Tire Repair Tools & Kits","PRXQ","Slime","",""
"874471","12"" HIVISORG SAFETY CONE","6433","Safety Works","SWFM12-VPD20","00662909031686","Each","","13.99","37.813","","20","8.7","","","1","9.163","","C","C","","","","","","","Promotional","","10662909031683","true","Low Awareness","Safety Works Professional 12 In. Safety Cone","Hi-visibility orange safety cone. Made of flexible flow mold plastic.","","Orange","United States","Traffic Safety","6A75","Safety","SAFE","Safety Cone","8H7I","Safety Cones & Sign","XN27","Safety Works","",""
"770852","WHITE FLEX CAULK SLNT","7022","Swift Response","US600WHT200","00810129871609","Each","","16.99","24.526","13.99","4","12.823","","","1","13.421","","B","B","","","","","","","Promotional","","10810129871606,00855647003385,10855647003382,00853517006238","true","High Awareness","Flex Shot Adhesive Rubber Sealant","Flex Caulk Silicone (100% silicone caulk) are our latest innovations in caulking technology. They are delivered through our Adjustable Trigger Flow Nozzle, which eliminates the need for a caulking gun and allows you to control the flow of caulk. Just adjust the flow setting and push the trigger for a perfect bead. And when you stop, it stops. There's no running, no dripping, and no mess.","","Whiite","United States","Caulk & Sealant","E6NC","Paint & Painting Supplies","PNTG","Rubber Sealant","96IH","Sealant","442K","Flex Caulk","",""
"770850","CLEAR FLEX CAULK SLNT","7022","Swift Response","US600CLR200","00810129871593","Each","","16.99","24.526","13.99","4","12.823","","","1","13.421","","B","B","","","","","","","Promotional","","10810129871590,00855647003392,10855647003399,00853517006245","true","High Awareness","Flex Shot Adhesive Rubber Sealant","Flex Caulk Silicone (100% silicone caulk) are our latest innovations in caulking technology. They are delivered through our Adjustable Trigger Flow Nozzle, which eliminates the need for a caulking gun and allows you to control the flow of caulk. Just adjust the flow setting and push the trigger for a perfect bead. And when you stop, it stops. There's no running, no dripping, and no mess.","","Clear","United States","Caulk & Sealant","E6NC","Paint & Painting Supplies","PNTG","Rubber Sealant","96IH","Sealant","442K","Flex Caulk","",""
"865250","12LB MATCHLITE BRIQUET","7262","Kingsford","32090","00044600320908","Each","","15.99","15.935","","80","13.442","","","1","13.88","","B","A","","","","","","","Promotional","","","true","High Awareness","Kingsford Match Light Charcoal","Ready-to-light charcoal briquets. No lighter fluid needed. New shape and enhanced formula for more grilling power. More edges and surface area to catch the flame quickly. The grooves provide air channels for fast heating and even burning. More high quality ingredients for longer burn time.","","","United States","Outdoor Cooking","873I","Outdoor Living","OUTD","Charcoal","14ZL","Grilling Fuels","137Z","Kingsford","",""
"821578","16LB KINGSFORD CHRCOAL","7262","Kingsford","32103","00044600320649","Each","","13.99","8.663","14.99","48","12.778","","","1","13.158","","A","A","","","","","","","Promotional","","","true","Price Sensitive","Kingsford Charcoal Briquets","Charcoal briquets featuring more edges and surface area to catch the flame quickly. Grooves provide air channels for fast heating and even burning. More high quality ingredients for longer burn time.","","","United States","Outdoor Cooking","873I","Outdoor Living","OUTD","Charcoal","14ZL","Grilling Fuels","137Z","Kingsford","",""
"611505","10"" IN/OUT WALL CLOCK","5455","La Crosse Technology","29005","00047404290057","Each","","29.49","57.891","","3","12.418","","","1","13.144","","E","E","","","","","","","Promotional","","20047404290051","true","Mod Awareness","La Crosse Technology Equity Waylon Hygrometer & Thermometer","Designed to be hung indoors or outdoors with weather sealed case. This clock features a thermometer and hygrometer. Lens is glass with metal hands and a rich oil rubbed bronze UV and weather resistant case.","","","China","Outdoor Decor","976R","Outdoor Living","OUTD","Hygrometer & Thermometer","7QUJ","Weather Stations & Thermometers","N275","La Crosse Technology","",""
"750438","8.6"" REG BYPASS PRUNER","9840","Woodland Tools","05-2001-100","00810081110044","Each","","18.49","42.488","","12","10.634","","","1","11.233","","D","C","","","","","","","Promotional","","10810081110041","true","High Awareness","Woodland Bypass Pruning Snip","Stainless steel blades with Teflon coating stay sharp longer. Re-engineered lock for additional comfort. Internal spring mechanism keeps the spring out of the way during work to guarantee it will never fall out or get lost. Improved hardware for better durability and a more uniform appearance. 5/8 In. cutting capacity. Anti-slip grips provide full control during wet or muddy work. Works great with both left and right-handed users.","","","Vietnam","Lawn & Garden Tools","A828","Lawn & Garden","LAWN","Pruning Snip","JTP5","Pruning & Trimming Tools","6XS2","Woodland","",""
"793959","EXT LATEX FLAT BLK","9263","Majic Paints","119202/8-0048-1","00052752004812","Gallon","","19.99","27.419","","4","14.509","","","1","15.235","","N/A","N/A","","","","","","","Promotional","","10052752004819","true","Mod Awareness","MAJIC Barn & Fence Exterior Latex Flat Paint, 1 Gal.","A durable latex finish that will protect your barn and fence from wear and weather. Dries bug free in 30 minutes. Provides a weather and fade resistant finish.","","Black","United States","Paint","Y8I3","Paint & Painting Supplies","PNTG","Barn & Fence Paint","56Y7","Exterior Paints","L554","MAJIC","",""
"792867","EXT LATEX FLAT RED","9263","Majic Paints","119201/8-0047-1","00052752004713","Gallon","","19.99","24.912","","4","15.01","","","1","15.568","","N/A","N/A","","","","","","","Promotional","","10052752004710","true","Mod Awareness","MAJIC Barn & Fence Exterior Latex Flat Paint, 1 Gal.","A durable latex finish that will protect your barn and fence from wear and weather. Dries bug free in 30 minutes. Provides a weather and fade resistant finish.","","Classic Red","United States","Paint","Y8I3","Paint & Painting Supplies","PNTG","Barn & Fence Paint","56Y7","Exterior Paints","L554","MAJIC","",""
"789248","WHT EXT LATEX FLAT","9263","Majic Paints","119200/8-0046-1","00052752004614","Gallon","","19.99","25.818","","4","14.829","","","1","15.521","","N/A","N/A","","","","","","","Promotional","","10052752004611","true","Mod Awareness","MAJIC Barn & Fence Exterior Latex Flat Paint, 1 Gal.","A durable latex finish that will protect your barn and fence from wear and weather. Dries bug free in 30 minutes. Provides a weather and fade resistant finish.","","White","United States","Paint","Y8I3","Paint & Painting Supplies","PNTG","Barn & Fence Paint","56Y7","Exterior Paints","L554","MAJIC","",""
"629528","6.75OZ HYBRID CLR CAULK","7022","Swift Response","CFSCLRR675","00810129870787","Each","","19.99","22.126","19.99","4","15.567","","","1","16.02","","C","C","","","","","","","Promotional","","10810129870784","true","High Awareness","Flex Caulk Hybrid Caulk Cartridge With Adjustable Nozzle","Trigger flow nozzle means no need for caulk gun. Perfect for indoor projects such as kitchen and bath, while also great for outdoor applications such as windows and doors. Will not dry hard and become cracked and brittle. Easy to store with out product drying out.","","Clear","United States","Caulk & Sealant","E6NC","Paint & Painting Supplies","PNTG","Siliconized Acrylic Latex Caulk","L2U8","Caulk","4616","FLEX SEAL","",""
"616595","6.75OZ HYBRID WHT CAULK","7022","Swift Response","CFSWHTR675","00810129870756","Each","","19.99","22.126","19.99","4","15.567","","","1","16.02","","C","C","","","","","","","Promotional","","10810129870753","true","High Awareness","Flex Caulk Hybrid Caulk Cartridge With Adjustable Nozzle","Trigger flow nozzle means no need for caulk gun. Perfect for indoor projects such as kitchen and bath, while also great for outdoor applications such as windows and doors. Will not dry hard and become cracked and brittle. Easy to store with out product drying out.","","White","United States","Caulk & Sealant","E6NC","Paint & Painting Supplies","PNTG","Siliconized Acrylic Latex Caulk","L2U8","Caulk","4616","FLEX SEAL","",""
"700926","10.75"" BYPASS PRUNER","7343","Fiskars","92756965J","00046561192754","Each","","27.49","41.724","27.49","10","16.02","","","1","16.918","","B","B","","","","","","","Promotional","","10046561192751","true","Mod Awareness","Fiskars Forged Bypass Pruner","With traditional drop-forged steel construction, the weight and feel provide rugged durability. Downward-angled cutting head keeps your wrist in the optimal position for reduced fatigue. 3/4 In. cutting capacity.","","","China","Lawn & Garden Tools","A828","Lawn & Garden","LAWN","Bypass Pruner","993Z","Pruning & Trimming Tools","6XS2","Fiskars","",""
"301227","7.5"" TNM UTILITY SHEARS","3190","Apex Tool Group","CW7T","00037103333247","Each","","21.99","32.124","","24","14.926","","","1","15.713","","E","E","","","","","","","Promotional","","20037103333241,10037103333244","true","High Awareness","Crescent Wiss Tradesman Utility Shears","Crescent Wiss Utility Shears feature premium steel blades, precision-engineered with knife-like edges to deliver ten times the cutting power of standard shears. Their titanium blade coating is three times harder than steel for extra durability and longer edge life and their compact design is made for easy portability. A serrated bottom blade grips material for better control and cleaner cuts, while spring loaded design and optimized handle contact points improve comfort and reduce fatigue. A quick release ergonomic latch that locks the shears closed for transport and soft-grip TPR handles are added safety and comfort features. Crescent Wiss Utility Shears are the perfect choice when you need exceptional cutting power in a compact tool.","","","China","Snips, Nippers & Cutters","1XP7","Hand Tools","HDTL","Scissors","4717","Cutters","D7P7","Crescent","",""
"782029","GAL HOUSE WASH","6296","Rust-Oleum","HW012","00618818346205","Gallon","","25.99","40.435","25.99","2","15.481","","","1","16.325","","C","B","","","","","","","Promotional","","60618818346207","true","Mod Awareness","Krud Kutter Multi-Purpose House Wash","Removes tough stains such as mildew, mold, dirt, and grease on most exterior surfaces including roofs, siding, decks, and driveways. No bleach or ammonia. Safe for people, pets, and plants. To apply, put valve in the clean position and apply from top to bottom. Allow cleaner to work on surface 5 to 10 minutes. To rinse, put valve in rinse position and turn hose on full pressure. If surface is extremely soiled, it may be necessary to scrub surface with a bristle brush and apply a second time. 1 Gal. cleans 4000 Sq. Ft. and can be applied by pressure washer, pump-up sprayer, brush, or roller. 56 Oz. bottle has convenient hose end attachment.","","","United States","Cleaners, Thinners & Solvents","71HT","Paint & Painting Supplies","PNTG","Siding Wash","298R","Siding Cleaners","9HS8","Krud Kutter","",""
"794473","QT DRK TB WB DOOR PAINT","6296","Rust-Oleum","369390","00020066492366","Quart","","22.99","29.843","","2","16.129","","","1","16.94","","E","E","","","","","","","Promotional","","10020066551244","true","Mod Awareness","Rust-Oleum Stops Rust Door & Trim Paint","Rust-Oleum Stops Rust Door and Trim Paint is a fast drying, durable formula that delivers a fresh new look to indoor/outdoor doors and trim. Fully dry in only 6 hours for faster project completion. Applies smoothly with brush or roller.","","Dark Tint Base","United States","Paint","Y8I3","Paint & Painting Supplies","PNTG","Exterior House Paint","JB74","Exterior Paints","L554","Rust-Oleum","",""
"793917","QT LT TB WB DOOR PAINT","6296","Rust-Oleum","369389","00020066492359","Quart","","22.99","29.843","","2","16.129","","","1","16.94","","E","E","","","","","","","Promotional","","10020066551237","true","Mod Awareness","Rust-Oleum Stops Rust Door & Trim Paint","Rust-Oleum Stops Rust Door and Trim Paint is a fast drying, durable formula that delivers a fresh new look to indoor/outdoor doors and trim. Fully dry in only 6 hours for faster project completion. Applies smoothly with brush or roller.","","Light Tint Base","United States","Paint","Y8I3","Paint & Painting Supplies","PNTG","Exterior House Paint","JB74","Exterior Paints","L554","Rust-Oleum","",""
"790921","QT CRNBRY WB DOOR PAINT","6296","Rust-Oleum","369385","00020066492311","Quart","","22.99","29.843","22.99","2","16.129","","","1","16.94","","E","E","","","","","","","Promotional","","10020066551190","true","Mod Awareness","Rust-Oleum Stops Rust Door & Trim Paint","Rust-Oleum Stops Rust Door and Trim Paint is a fast drying, durable formula that delivers a fresh new look to indoor/outdoor doors and trim. Fully dry in only 6 hours for faster project completion. Applies smoothly with brush or roller.","","Cranberry","United States","Paint","Y8I3","Paint & Painting Supplies","PNTG","Exterior House Paint","JB74","Exterior Paints","L554","Rust-Oleum","",""
"786286","QT GRN WB DOOR PAINT","6296","Rust-Oleum","376514","00020066011383","Quart","","22.99","29.843","","2","16.129","","","1","16.94","","E","E","","","","","","","Promotional","","10020066013704","true","Mod Awareness","Rust-Oleum Stops Rust Door & Trim Paint","Rust-Oleum Stops Rust Door and Trim Paint is a fast drying, durable formula that delivers a fresh new look to indoor/outdoor doors and trim. Fully dry in only 6 hours for faster project completion. Applies smoothly with brush or roller.","","Vermont Green","United States","Paint","Y8I3","Paint & Painting Supplies","PNTG","Exterior House Paint","JB74","Exterior Paints","L554","Rust-Oleum","",""
"782624","QT NVY WB DOOR PAINT","6296","Rust-Oleum","369386","00020066492328","Quart","","22.99","29.843","","2","16.129","","","1","16.94","","E","E","","","","","","","Promotional","","10020066551206","true","Mod Awareness","Rust-Oleum Stops Rust Door & Trim Paint","Rust-Oleum Stops Rust Door and Trim Paint is a fast drying, durable formula that delivers a fresh new look to indoor/outdoor doors and trim. Fully dry in only 6 hours for faster project completion. Applies smoothly with brush or roller.","","Nantucket Navy","United States","Paint","Y8I3","Paint & Painting Supplies","PNTG","Exterior House Paint","JB74","Exterior Paints","L554","Rust-Oleum","",""
"782366","QT GRY WB DOOR PAINT","6296","Rust-Oleum","369387","00020066492335","Quart","","22.99","29.843","","2","16.129","","","1","16.94","","E","E","","","","","","","Promotional","","10020066551213","true","Mod Awareness","Rust-Oleum Stops Rust Door & Trim Paint","Rust-Oleum Stops Rust Door and Trim Paint is a fast drying, durable formula that delivers a fresh new look to indoor/outdoor doors and trim. Fully dry in only 6 hours for faster project completion. Applies smoothly with brush or roller.","","Alpine Gray","United States","Paint","Y8I3","Paint & Painting Supplies","PNTG","Exterior House Paint","JB74","Exterior Paints","L554","Rust-Oleum","",""
"780056","QT WHT WB DOOR PAINT","6296","Rust-Oleum","369384","00020066492304","Quart","","22.99","29.843","","2","16.129","","","1","16.94","","D","D","","","","","","","Promotional","","10020066551183","true","Mod Awareness","Rust-Oleum Stops Rust Door & Trim Paint","Rust-Oleum Stops Rust Door and Trim Paint is a fast drying, durable formula that delivers a fresh new look to indoor/outdoor doors and trim. Fully dry in only 6 hours for faster project completion. Applies smoothly with brush or roller.","","White","United States","Paint","Y8I3","Paint & Painting Supplies","PNTG","Exterior House Paint","JB74","Exterior Paints","L554","Rust-Oleum","",""
"779824","QT BLK WB DOOR PAINT","6296","Rust-Oleum","369383","00020066492298","Quart","","22.99","29.843","","2","16.129","","","1","16.94","","D","D","","","","","","","Promotional","","10020066551176","true","Mod Awareness","Rust-Oleum Stops Rust Door & Trim Paint","Rust-Oleum Stops Rust Door and Trim Paint is a fast drying, durable formula that delivers a fresh new look to indoor/outdoor doors and trim. Fully dry in only 6 hours for faster project completion. Applies smoothly with brush or roller.","","Black","United States","Paint","Y8I3","Paint & Painting Supplies","PNTG","Exterior House Paint","JB74","Exterior Paints","L554","Rust-Oleum","",""
"575826","3/8""X50' PVC AIR HOSE","5912","Highline Warren / Lubrimatic","576-50A","00087817563867","Each","","29.99","41.290","25.99","5","17.607","","","1","18.572","","C","B","","","","","","","Promotional","","50087817563862,00087817000522,10087817000529,10087817563864,20087817563861","true","High Awareness","Amflo PVC Air Hose","Ideal for general purpose applications, DIY (do it yourself) use, compressor-operated hand tools and air assisted residential painting equipment. Long life engineered composition PVC (polyvinyl chloride) hose. Lightweight with a flexible, kink-resistant design. Nonconductive and oil and abrasion-resistant. The bright fluorescent color reduces the chance of accidents. Two year warranty.","50 Ft.","Orange","China","Air Compressors, Tools & Accessories","CG15","Power Tools & Accessories","PWRT","Air Hose","YXX7","Hoses & Hose Reels","8Q2U","Amflo","",""
"610747","24"" MULT-SURF PUSH BROOM","3990","The Libman Company","805","00071736008059","Each","","24.99","27.027","18.99","4","18.236","","","1","19.145","","C","B","","","","","","","Promotional","","10071736008056","true","Mod Awareness","Libman Medium Sweep Multi-Surface Push Broom","3 In. long firm yet flexible split-top fibers pick up dust and dirt from a variety of surfaces. Environmentally friendly fiber made from recycled pet water bottles. 1 In. dia. x 60 In. L. threaded steel handle with hex nut and locking bolt. Hanger tip for convenient storage.","","","United States","Cleaning Tools & Supplies","UX21","Cleaning Supplies","CLNG","Push Broom","94T5","Brooms","D859","Libman","",""
"302732","RIGHT OFFSET SNIP","3190","Apex Tool Group","M7R","00037103583383","Each","","22.99","24.663","21.99","24","17.32","6","18.073","1","18.598","","D","C","","","","","","","Promotional","","10037103583380,20037103583387","true","Mod Awareness","Wiss Metalmaster Offset Snips","Offset blades keep hands clear of metal. Non-slip serrated jaw of molybdenum steel for compound lever action. Withstands strain of cutting heavy stock and tight curves. Spring-action for fast, effortless feed. Handy hang-up hole. Non-slip, textured grips and safety latch for superior control. Cuts low carbon cold rolled steel.","9-1/4 In.","","United States","Snips, Nippers & Cutters","1XP7","Hand Tools","HDTL","Snips","5PVT","Snips","AY66","Crescent","",""
"302724","LEFT OFFSET SNIP","3190","Apex Tool Group","M6R","00037103583376","Each","","22.99","24.663","21.99","24","17.32","12","18.073","1","18.598","","C","C","","","","","","","Promotional","","10037103583373,20037103583370","true","Mod Awareness","Wiss Metalmaster Offset Snips","Offset blades keep hands clear of metal. Non-slip serrated jaw of molybdenum steel for compound lever action. Withstands strain of cutting heavy stock and tight curves. Spring-action for fast, effortless feed. Handy hang-up hole. Non-slip, textured grips and safety latch for superior control. Cuts low carbon cold rolled steel.","9-1/4 In.","","United States","Snips, Nippers & Cutters","1XP7","Hand Tools","HDTL","Snips","5PVT","Snips","AY66","Crescent","",""
"843033","JR ORG CLLP BBQ PREP TUB","0334","Drip EZ","TUBV2-JR-1-OR","00850053870026","Each","","34.99","27.754","","10","25.279","","","1","26.549","","E","D","","","","","","","Promotional","","20850053870020","true","Mod Awareness","Drip EZ Collapsible Storage Bin","V2 prep tub features a built-in nylon cutting board and lid with locking hinges. Adjusts to 3 different heights and collapses for easy kitchen storage. Dishwasher safe. BPA free.","","","China","Outdoor Cooking","873I","Outdoor Living","OUTD","Storage Bin","3NUU","Grill Accessories","5632","Drip EZ","",""
"720815","BEE HIVE STIMULANT","6817","Harvest Lane Honey","HEATHHLH-101","00634392067206","Each","","39.99","21.178","","6","31.521","","","1","32.437","","N/A","N/A","","","","","","","Promotional","","30634392067207","true","Mod Awareness","Harvest Lane Honey Bee Hive Stimulant","Bee hive stimulant. Makes 5 feedings. Easy to use, concentrate used in liquid feed.","","","United States","Wildlife Supplies & Management","U78V","Farm & Ranch","FARM","Bee Feed","BZ5P","Beekeeping Supplies","R1XQ","Harvest Lane Honey","",""
"702003","8.75"" BYPASS PRUNER","3118","Corona Clipper","BP3180D","00038313000806","Each","","32.99","33.916","","6","21.801","","","1","22.955","","C","B","","","","","","","Promotional","","10038313000803,10038313600805","true","High Awareness","Corona Classic Cut Bypass Pruner With Wire Cutting Notch","Forged steel alloy construction, resharpenable bypass blade with wire-cutting notch. Slant-ground, narrow profile hook. Will cut branches to 1 In. diameter. Sap groove keeps blade from sticking. Comfortable, nonslip cushioned grips. Lifetime warranty.","","","Mexico","Lawn & Garden Tools","A828","Lawn & Garden","LAWN","Bypass Pruner","993Z","Pruning & Trimming Tools","6XS2","Corona","",""
"771708","CWF-UV NATURAL 1G","3570","Pittsburgh Paints Co","FLD542/01","00010273542152","Gallon","","34.99","24.910","","4","26.274","","","1","27.499","","C","A","","","","","","","Promotional","","10010273542159","true","High Awareness","Flood CWF-UV Oil-Modified Fence Deck and Siding Wood Finish","Provides a natural finish that protects wood against moisture and sun damage. Fortified with PENETROL for excellent penetration. Recommended for use on any properly prepared exterior wood, including decks, fences, siding, railings, outdoor furniture and other wood surfaces. Apply to new, dry pressure-treated wood, uncoated new or weathered wood, or wood previously stained or painted. Apply directly to weathered wood previously finished with FLOOD CWF-UV; other previous coating must be completely removed. Easy soap and water clean-up.","","Natural","United States","Stains & Finishes","M52R","Paint & Painting Supplies","PNTG","Clear Wood Finish","5B79","Exterior Stains & Finishes","LSX9","Flood","",""
"771704","CWF-UV HONEY GOLD 1G","3570","Pittsburgh Paints Co","FLD527/01","00056198670365","Gallon","","34.99","24.910","","4","26.274","","","1","27.499","","D","C","","","","","","","Promotional","","10056198670362","true","High Awareness","Flood CWF-UV Oil-Modified Fence Deck and Siding Wood Finish","Provides a natural finish that protects wood against moisture and sun damage. Fortified with PENETROL for excellent penetration. Recommended for use on any properly prepared exterior wood, including decks, fences, siding, railings, outdoor furniture and other wood surfaces. Apply to new, dry pressure-treated wood, uncoated new or weathered wood, or wood previously stained or painted. Apply directly to weathered wood previously finished with FLOOD CWF-UV; other previous coating must be completely removed. Easy soap and water clean-up.","","Honey Gold","United States","Stains & Finishes","M52R","Paint & Painting Supplies","PNTG","Clear Wood Finish","5B79","Exterior Stains & Finishes","LSX9","Flood","",""
"771698","CWF-UV REDWOOD 1G","3570","Pittsburgh Paints Co","FLD521/01","00010273521157","Gallon","","34.99","24.910","","4","26.274","","","1","27.499","","D","C","","","","","","","Promotional","","10010273521154","true","High Awareness","Flood CWF-UV Oil-Modified Fence Deck and Siding Wood Finish","Provides a natural finish that protects wood against moisture and sun damage. Fortified with PENETROL for excellent penetration. Recommended for use on any properly prepared exterior wood, including decks, fences, siding, railings, outdoor furniture and other wood surfaces. Apply to new, dry pressure-treated wood, uncoated new or weathered wood, or wood previously stained or painted. Apply directly to weathered wood previously finished with FLOOD CWF-UV; other previous coating must be completely removed. Easy soap and water clean-up.","","Redwood","United States","Stains & Finishes","M52R","Paint & Painting Supplies","PNTG","Clear Wood Finish","5B79","Exterior Stains & Finishes","LSX9","Flood","",""
"771691","CWF-UV CEDAR 1G","3570","Pittsburgh Paints Co","FLD520/01","00010273520150","Gallon","","34.99","24.910","34.99","4","26.274","","","1","27.499","","C","A","","","","","","","Promotional","","10010273520157","true","High Awareness","Flood CWF-UV Oil-Modified Fence Deck and Siding Wood Finish","Provides a natural finish that protects wood against moisture and sun damage. Fortified with PENETROL for excellent penetration. Recommended for use on any properly prepared exterior wood, including decks, fences, siding, railings, outdoor furniture and other wood surfaces. Apply to new, dry pressure-treated wood, uncoated new or weathered wood, or wood previously stained or painted. Apply directly to weathered wood previously finished with FLOOD CWF-UV; other previous coating must be completely removed. Easy soap and water clean-up.","","Cedar","United States","Stains & Finishes","M52R","Paint & Painting Supplies","PNTG","Clear Wood Finish","5B79","Exterior Stains & Finishes","LSX9","Flood","",""
"799033","INDSTRL ALUM PAINT","9263","Majic Paints","119192/8-0025-1","00052752002511","Gallon","","39.99","34.704","","4","26.112","","","1","27.462","","N/A","N/A","","","","","","","Promotional","","10052752002518","true","Mod Awareness","MAJIC Industrial Aluminum Paint","Majic Industrial Aluminum Paint is a ready-mixed, ready-to-use aluminum paint formulated for use on metal, wood or masonry surfaces. Recommended for radiators, boilers, smoke stacks and other surfaces where a heat-resistant coating is necessary.","","Industrial Aluminum ","United States","Paint","Y8I3","Paint & Painting Supplies","PNTG","Barn & Fence Paint","56Y7","Exterior Paints","L554","MAJIC","",""
"813456","ORG CLLPSBL BBQ PREP TUB","0334","Drip EZ","TUBV2-1-OR","00850053870040","Each","","47.99","27.752","","10","34.672","","","1","36.414","","E","D","","","","","","","Promotional","","20850053870044,10850053870047","true","Mod Awareness","Drip EZ Collapsible Storage Bin","V2 prep tub features a built-in nylon cutting board and lid with locking hinges. Adjusts to 3 different heights and collapses for easy kitchen storage. Dishwasher safe. BPA free.","","","China","Outdoor Cooking","873I","Outdoor Living","OUTD","Storage Bin","3NUU","Grill Accessories","5632","Drip EZ","",""
"393551","20V 1/2"" DRILL KIT","3244","Richpower Industries, Inc.","GLCD2012B","00811285023017","Each","","82.99","29.670","","5","58.367","","","1","61.331","","D","B","","","","","","","Promotional","","10811285023014","true","High Awareness","Genesis 20V 1/2"" Cordless Drill Kit","The Genesis GLD2012B  Cordless Drill is Fully Featured and Designed to Take on the Most Demanding Projects. The 1/2"" Single Sleeve All-Metal Ratcheting Chuck Securely Holds Bits. The High-Performance Motor Produces up to 450 in-lb of Torque, and the 2-Speed Gear Box Provides the Power and Speed to Match your Task. An LED Fuel Gauge Indicates the Remaining Charge. Includes: 2.0 Ah Battery and Quick Charger.","","","China","Cordless Power Tools","RK1H","Power Tools & Accessories","PWRT","Cordless Drill","9EGV","Cordless Drills & Drivers","AIUG","Genesis","",""
"365316","MEASURING WHEEL 12""","3190","Apex Tool Group","CMW12","00037103308511","Each","","77.99","29.440","","2","55.03","","","1","57.696","","E","D","","","","","","","Promotional","","20037103308515,00037103376664,20037103376668","true","Mod Awareness","Crescent Lufkin Professional Centerline SAE Measuring Wheel","Suitable for measuring vertical, horizontal or curved surfaces, the large Crescent Crescent Lufkin Professional Centerline SAE Measuring Wheel displays surface dimensions in feet and inches for quick, accurate distance calculations. It features a 12-inch wheel with a rubber tire for superb traction on the uneven terrain of jobsites or long indoor expanses. The analog counter dial calibrated to the wheel counts to 10,000 ft. before rolling over to 0.","","","Taiwan","Measuring & Calculation Tools","D3B6","Hand Tools","HDTL","Measuring Wheel","2XKY","Measuring Tools","94F5","Crescent","",""
"306538","20V LED AREA WORK LIGHT","2585","Dewalt","DCL050","00885911353151","Each","","89.99","20.531","89.99","4","71.514","","","1","72.941","","E","C","","","","","","","Promotional","","40028877387633,60885911651617","true","Price Sensitive","DEWALT 20V MAX LED Hand Held Area Cordless Work Light - Tool Only","Illuminate dark jobsite work areas with the DCL050 20V MAX Hand Held Area LED Work Light. This area light is designed with 2 brightness settings (1000 and 500 lumens) that provide versatility for maximum light output or extended run time. Tool only - battery and charger not included.","","","China","Cordless Power Tools","RK1H","Power Tools & Accessories","PWRT","Cordless Work Light","7R95","Cordless Flashlights & Work Lights","EC7X","DEWALT","",""
"305717","1/2"" IMPACT WRENCH","3244","Richpower Industries, Inc.","GIW3075K","00811285020009","Each","","79.99","15.111","","4","67.903","","","1","70.117","","E","E","","","","","","","Promotional","","10811285020006","true","High Awareness","Genesis 1/2 In. Impact Wrench","Quickly tighten and loosen large nuts, bolts and other fasteners. 1/2 in square drive, 220 ft-lb maximum torque. Die-cast aluminum gear housing for durability. Rocker style switch for one-handed operation. Rated power 120 V, 60 Hz, 7.5 A, no load speed 0 to 2100 rpm. Impacts per minute 0 to 2700 ipm. Includes 4 sockets 11/16 in, 3/4 in, 13/16 in, 7/8 in and heavy-duty storage case.","","","China","Corded Power Tools","2867","Power Tools & Accessories","PWRT","Impact Wrench","7U2R","Corded Wrenches","P7D9","Genesis","",""
"490431","1/2HP GARBAGE DISPOSER","4501","Insinkerator Evergrind","Badger 5","00050375000426","Each","","149.99","19.485","309.99","1","120.764","","","","","","C","A","","","","","","","Promotional","","","true","High Awareness","Insinkerator 1/2 HP Badger 5 Garbage Disposer","Dependable performance at a moderate price. Includes 1/2 HP induction motor, tough galvanized steel shredder ring, 26 oz. grind chamber capacity with stainless steel lugs and sink flange. Plastic sink stopper. Self-service wrench frees simple jams. Has Quick Lock system for fast, easy installation. 3 year in-home service warranty. Formerly Model B5.","","","United States","Garbage Disposers & Accessories","Q52D","Plumbing Supplies","PLBG","Garbage Disposer","73VZ","Garbage Disposers","T568","Insinkerator","",""
"478439","1/2HP CAST/SS SUMP PUMP","7400","Wayne Water Systems","CDU800SS","00040066218902","Each","","239.99","21.556","","1","188.258","","","","","","D","A","","","","","","","Promotional","","","true","Mod Awareness","Wayne 1/2HP Submersible Sump Pump","This 1/2 HP Wayne Pump is assembled in the USA and Tested to 1 million cycles for performance that lasts. Delivers dependable, energy-efficient, ultra-quiet performance for years to come - warrantied for 5 years. Able to pump up to 5100 gallons per hour.","","","United States","Pumps & Accessories","E71Z","Plumbing Supplies","PLBG","Submersible Sump Pump","I932","Sump Pumps","7NIL","Wayne","",""
"300391","M18 FUEL IMP DRIVER KIT","5297","Milwaukee Elec.Tool","2953-22","00045242637874","Each","","319.99","7.987","","2","294.433","","","1","300.665","","E","B","","","","","","","Promotional","","10045242637871,00045242514441,10045242514448","true","High Awareness","Milwaukee M18 FUEL XC Lithium-Ion Brushless Cordless Impact Driver Kit","The MILWAUKEE M18 FUEL Hex Impact Driver is the Most POWERFUL and FASTEST DRIVING impact driver, featuring ULTIMATE TRIGGER CONTROL. MILWAUKEE POWERSTATE Brushless motor delivers unmatched power for a full range of capabilities to complete the widest variety of applications. Increase productivity on the jobsite with the fastest driving speed of any impact driver without sacrificing power or control. MILWAUKEE REDLINK PLUS intelligence delivers ULTIMATE TRIGGER CONTROL by providing smooth acceleration for small fasteners to prevent stripping of screws or damaging of materials. MILWAUKEE M18 REDLITHIUM Battery Packs deliver more work per charge and more work over the life of the pack. Featuring 4-mode drive control provides users with greater control over output speed and power. Self-Tapping Screw Mode is designed to reduce walking when starting self-tapping screws as well as reduce overdriving, breaking, and stripping out screws. This new impact driver also features Tri-LED lighting, illuminating the area of work while eliminating shadows. The M18 FUEL Hex Impact Driver is part of MILWAUKEE M18 system which is fully compatible with over 200+ solutions. Includes (2) M18 REDLITHIUM XC5.0 batteries (48-11-1850), (1) M18 & M12 multi-voltage charger (48-59-1812), (1) belt clip, (1) bit holder, and (1) carrying case.","","","Vietnam","Cordless Power Tools","RK1H","Power Tools & Accessories","PWRT","Cordless Impact Driver","913T","Cordless Drills & Drivers","AIUG","Milwaukee","",""
"368319","M18 FUEL HAMMER DRILL","5297","Milwaukee Elec.Tool","2904-22","00045242002337","Each","","329.99","7.976","329","2","303.669","","","1","310.096","","D","A","","","","","","","Promotional","","10045242002334,00045242637737,10045242637734","true","High Awareness","Milwaukee M18 FUEL XC Lithium-Ion Brushless Cordless Hammer Drill Kit","The MILWAUKEE M18 FUEL Hammer Drill Driver is the Industry's Most Powerful Hammer Drill, delivering the capability to drill the largest holes at high speed into the densest materials. The cordless drill is the Most Compact solution in its class and features AutoStop Control Mode for Enhanced Safety. The POWERSTATE Brushless motor delivers the most power under load to complete 2-9/16 In. Self-Feed holes in dense woods for increased productivity. At only 6.9 in length, this is the most compact cordless drill in its class for the best access and maneuverability in tight spaces. The AutoStop Control Mode offers enhanced safety for the operator by preventing over-rotation in a bind-up with the best reaction time in the industry. The REDLINK PLUS intelligence ensures maximum performance and protects from overloads, heating, and over-discharge. The MILWAUKEE M18 REDLITHIUM battery packs deliver more work per charge and more work over the life of the pack when compared to competitors. The all metal ratcheting chuck is the best-in-class. This provides increased grip strength, durability, and corrosion resistance. Includes (2) M18 REDLITHIUM XC5.0 extened capacity battery pack (48-11-1850), (1) M18 & M12 multi-voltage charger (48-59-1812), (1) side handle, and (1) blow molding carrying case.","","","China","Cordless Power Tools","RK1H","Power Tools & Accessories","PWRT","Cordless Hammer Drill","68C1","Cordless Drills & Drivers","AIUG","Milwaukee","",""
"303509","20V 15GA FINISH NAILER","2585","Dewalt","DCN650D1","00885911489768","Each","","449.99","7.621","","1","415.697","","","","","","E","C","","","","","","","Promotional","","","true","High Awareness","DeWalt 20V MAX XR Brushless Cordless Finish Nailer Kit","The DEWALT DCN650 15 Gauge Angled Finish Nailer drives 15 Gauge angled finish nails from 1-1/4"" to 2-1/2"" which makes it ideal for fastening crown molding, casing, baseboards, and hardwood floor installation. With its brushless motor powered by a DEWALT 20V MAX Lithium-Ion battery, the DCN650 is ready to go to work without the hassle of using gas, compressor, and hose. Tackle jobs both large and small with the features of a pneumatic tool and the freedom of cordless. Includes nailer, 2.0 Ah battery, charger, and kit bag.","","","Mexico","Cordless Power Tools","RK1H","Power Tools & Accessories","PWRT","Cordless Finish Nailer","27UK","Cordless Nailers & Accessories","655X","DEWALT","",""
"303510","M18 1/2"" IMP WRNCH KIT","5297","Milwaukee Elec.Tool","2967-22","00045242601561","Each","","499.99","9.311","499.99","2","453.435","","","1","464.624","","D","A","","","","","","","Promotional","","10045242601568","true","High Awareness","Milwaukee M18 FUEL Lithium-Ion High Torque Brushless Cordless Impact Wrench Kit","The MILWAUKEE M18 FUEL High Torque Impact Wrench w/ Friction Ring Kit includes the most power-dense impact wrench in its class, provides greater access in tight spaces, and maximizes productivity through faster removal speeds. The POWERSTATE Brushless Motor delivers up to 1,100 ft-lbs of Fastening Torque and 1,500 ft-lbs of Nut-Busting Torque when paired with the M18 REDLITHIUM XC5.0 Battery, while the compact size at 7.6"" in length gives users greater access in tight spaces. The M18 FUEL High Torque Impact Wrench w/ Friction Ring maximizes productivity on the jobsite and in the shop by removing stubborn bolts and fasteners faster than cordless competitors. The patented battery isolation system provides a secure battery connection and controls vibration transmitted to the pack. Tri-LEDs surround the anvil to deliver brighter light with fewer shadows. 4-Mode DRIVE CONTROL offers greater precision with a range of pre-set RPM and IPM levels, selectable from a single button on the tool. By selecting Mode 4, AUTO SHUT-OFF control applies no more than 50 ft-lbs of torque for hand-tight fastening applications to prevent overtightening. Mode 4 also features Bolt Removal Control that delivers our users full torque output, then decreases RPMs once the bolt is loosened to prevent fastener drops. The Friction Ring design allows for quick & tool-free socket changes. The included battery provides increased protection against oils, greases, & solvents. Includes impact wrench, (2) M18 REDLITHIUM XC5.0 Resistant batteries, M18 & M12 multi-voltage charger, and hard case.","","","Vietnam","Cordless Power Tools","RK1H","Power Tools & Accessories","PWRT","Cordless Impact Wrench","MTY7","Cordless Wrenches","4L4E","Milwaukee","",""
"814736","1000LM LED LO HEADLAMP","9470","Police Security","98070","00704673980705","Each","","49.99","51.364","49.99","16","24.313","4","25.428","1","26.814","","D","C","","","","","","","Promotional","","20704673980709,10704673980702","true","Mod Awareness","Police Security Lookout Focusing LED Headlamp","1000-lumen output LED (light emitting diode) headlamp. Ideal lighting option for hands-free activities. Features Slide Focus optics, three modes, and a pivoting head for added flexibility. The adjustable headband is comfortable for long-time wear. Functions: High/Low/Flash/Focus Beam. Light Output: High/1000 lumens, Low/300 lumens. Run Time: High/4 Hours, Low/15 Hours. Beam Distance: High/180 Meters, Low/60 Meters. Requires (4)AA alkaline batteries, included. Uses XML LED chip for a lifespan of 100,000 hours. Water resistant. Lifetime warranty.","","Black","China","Batteries & Flashlights","2FU4","Electrical","ELEC","Headlamp","21V9","Flashlights & Lanterns","4J91","Police Security","",""
"764537","1CF BG GARDEN COMPOST","7452","Sun Gro Horticulture","1411602.CFL001P","00029973123165","Each","210","13.99","51.601","13.99","70","6.771","","","1","7.55","","B","B","","","","","","","Promotional","","10029973123162","true","Commodity","Black Gold Organic Lawn & Garden Compost","An organic, nutrient rich compost ideal for improving soil's natural structure or for use as above-ground mulch, this mixture of Canadian sphagnum peat, forest humus, and aged compost will increase flower blooms and vegetable yields. OMRI (Organic Materials Review Institute) listed.","","","United States","Soils & Soil Conditioners","5I6Q","Lawn & Garden","LAWN","Lawn & Garden Compost","GRL8","Compost & Manure","1P3M","Black Gold","",""
"764136","14OZ PRGM DUCK DOG TREAT","","","C07365","","Each","","","","","","","","","","","","N/A","N/A","","","","","","","","","","","High Awareness","Cadet Gourmet Natural Dog Treat","Cadet has been providing naturally delicious chews and treats dogs crave for over 30 years. Featuring real ingredients your best friend will love, Cadet Gourmet Chicken Breast is a wholesome reward. These premium dog treats are high in protein, providing essential amino acids that support overall wellness. Each low-fat treat is made with limited, natural ingredients you can pronounceno artificial colors, fillers, or flavors. Plus, these oven-roasted fillets make great training treats for dogs. Give your four-legged friend the delicious and nutritious dog treats they deserve.","","","China","Dog Supplies","","Pet Supplies","","Dog Treat","","Dog Food, Treats & Biscuits","","Cadet","C","P"
"737162","3/4X6-1/2 HITCH PIN","1608","Koch Lehigh","4011423","00719961463730","Each","","11.99","57.890","","30","5.049","5","5.295","1","5.603","","D","D","","","","","","","Promotional","","10719961463737,20719961463734","true","Low Awareness","Koch Red Head Hitch Pin","Vinyl coated handle hitch pin with hair pin. Grade 5: Forged head, high carbon steel, heat treated. Used for pulling heavier loads that require more than a Grade 2 performance. Used for coupling implements and machinery.","","","China","Tractor Parts & Accessories","7366","Farm & Ranch","FARM","Hitch Pin","41KP","Clevis, Pins & Hooks","71XA","Speeco","",""
"736975","1/2X3-5/8 HITCH PIN","1608","Koch Lehigh","4011213","00719961463693","Each","","7.99","53.066","7.99","60","3.75","5","3.93","1","4.155","","D","D","","","","","","","Promotional","","10719961463690,20719961463697","true","Low Awareness","Koch Red Head Hitch Pin","Vinyl coated handle hitch pin with hair pin. Grade 5: Forged head, high carbon steel, heat treated. Used for pulling heavier loads that require more than a Grade 2 performance. Used for coupling implements and machinery.","","","India","Tractor Parts & Accessories","7366","Farm & Ranch","FARM","Hitch Pin","41KP","Clevis, Pins & Hooks","71XA","Speeco","",""
"713769","1.5CF RAISED BED MIX","7452","Sun Gro Horticulture","1423004.CFL001.5P","00064277187413","Each","","16.99","35.109","16.99","50","11.025","","","1","12.178","","C","C","","","","","","","Promotional","","10642771774383","true","Commodity","Black Gold Natural & Organic Raised Bed & Potting Soil Mix","An all natural and organic raised bed mix formulated by professional horticulturists. Contains a nutrient rich blend of Canadian sphagnum peat moss, earthworm castings, forest products, compost, and organic fertilizer. Ideal for any herb, vegetable or flower garden in raised beds or containers. Provides moisture retention and excellent drainage. Formulated with an organic fertilizer that promotes stronger stems and improved root mass. OMRI (Organic Materials Review Institute) listed.","","","United States","Soils & Soil Conditioners","5I6Q","Lawn & Garden","LAWN","Potting Soil","6V94","Potting and Top Soils","13XM","Black Gold","",""
"704300","1 CU FT GARDEN SOIL","7452","Sun Gro Horticulture","1411603.CFL001P","00064277069177","Bag","210","11.99","45.613","9.79","70","6.521","","","1","7.254","","C","C","","","","","","","Promotional","","","true","Commodity","Black Gold Garden Soil","Garden soil regionally formulated by professional horticulturists to best suit local garden soils. Ideal for use in vegetable gardens, flower gardens, or for flowering bedding plants and small fruits. Improves soil structure by adding organic matter. Feeds plants for up to 6 months with controlled release fertilizer. 0.05 - 0.02 - 0.05 formulation.","","","United States","Soils & Soil Conditioners","5I6Q","Lawn & Garden","LAWN","Garden Soil","58C4","Potting and Top Soils","13XM","Black Gold","",""
"647784","6OZ ROOT BEER DROPS","3300","Claeys Candy Inc","686","00076067006859","Each","","1.99","31.910","","24","1.355","","","","","","N/A","N/A","","","","","","","Promotional","","10076067006863","true","Mod Awareness","Claeys 6 Oz. Old Fashion Root Beer Hard Candy","Claeys Old Fashioned Hard Candies have been made in South Bend, IN since 1919. Fat free.","","","United States","Candy & Snacks","YWV7","Food & Snacks","FOOD","Candy","Z66Z","Candy & Cookies","4P1G","Claeys","",""
"638056","6OZ WATERMELON DROPS","3300","Claeys Candy Inc","681","00076067006804","Each","","1.99","31.910","","24","1.355","","","","","","N/A","N/A","","","","","","","Promotional","","10076067006818","true","Mod Awareness","Claeys 6 Oz. Old Fashion Watermelon Hard Candy","Claeys Old Fashioned Hard Candies have been made in South Bend, IN since 1919. Fat free.","","","United States","Candy & Snacks","YWV7","Food & Snacks","FOOD","Candy","Z66Z","Candy & Cookies","4P1G","Claeys","",""
"623398","6OZ CINNAMON DROPS","3300","Claeys Candy Inc","676","00076067006750","Each","","1.99","31.910","","24","1.355","","","","","","N/A","N/A","","","","","","","Promotional","","10076067006764","true","Mod Awareness","Claeys 6 Oz. Old Fashion Cinnamon Hard Candy","Claeys Old Fashioned Hard Candies have been made in South Bend, IN since 1919. Fat free.","","","United States","Candy & Snacks","YWV7","Food & Snacks","FOOD","Candy","Z66Z","Candy & Cookies","4P1G","Claeys","",""
"621028","6OZ LICORICE DROPS","3300","Claeys Candy Inc","671","00076067006705","Each","","1.99","31.910","","24","1.355","","","","","","N/A","N/A","","","","","","","Promotional","","10076067006719","true","Mod Awareness","Claeys 6 Oz. Old Fashion Licorice Hard Candy","Claeys Old Fashioned Hard Candies have been made in South Bend, IN since 1919. Fat free.","","","United States","Candy & Snacks","YWV7","Food & Snacks","FOOD","Candy","Z66Z","Candy & Cookies","4P1G","Claeys","",""
"620357","6OZ WILD CHERRY DROPS","3300","Claeys Candy Inc","651","00076067006507","Each","","1.99","31.910","","24","1.355","","","","","","N/A","N/A","","","","","","","Promotional","","10076067006511","true","Mod Awareness","Claeys 6 Oz. Old Fashion Wild Cherry Hard Candy","Claeys Old Fashioned Hard Candies have been made in South Bend, IN since 1919. Fat free.","","","United States","Candy & Snacks","YWV7","Food & Snacks","FOOD","Candy","Z66Z","Candy & Cookies","4P1G","Claeys","",""
"619306","6OZ LEMON DROPS","3300","Claeys Candy Inc","631","00076067006309","Each","","1.99","31.910","","24","1.355","","","","","","N/A","N/A","","","","","","","Promotional","","10076067006313","true","Mod Awareness","Claeys 6 Oz. Old Fashion Natural Lemon Flavor Hard Candy","Claeys Old Fashioned Hard Candies have been made in South Bend, IN since 1919. Fat free.","","","United States","Candy & Snacks","YWV7","Food & Snacks","FOOD","Candy","Z66Z","Candy & Cookies","4P1G","Claeys","",""
"614398","6OZ GREEN APPLE DROPS","3300","Claeys Candy Inc","691","00076067006903","Each","","1.99","31.910","","24","1.355","","","","","","N/A","N/A","","","","","","","Promotional","","10076067006917","true","Mod Awareness","Claeys 6 Oz. Old Fashion Green Apple Hard Candy","Claeys Old Fashioned Hard Candies have been made in South Bend, IN since 1919. Fat free.","","","United States","Candy & Snacks","YWV7","Food & Snacks","FOOD","Candy","Z66Z","Candy & Cookies","4P1G","Claeys","",""
"613051","6OZ HOREHOUND DROPS","3300","Claeys Candy Inc","611","00076067006101","Each","","1.99","31.910","","24","1.355","","","","","","N/A","N/A","","","","","","","Promotional","","10076067006115","true","Mod Awareness","Claeys 6 Oz. Old Fashion Natural Horehound Herbal Hard Candy","Claeys Old Fashioned Hard Candies have been made in South Bend, IN since 1919. Fat free.","","","United States","Candy & Snacks","YWV7","Food & Snacks","FOOD","Candy","Z66Z","Candy & Cookies","4P1G","Claeys","",""
"603629","121OZ OUTDOOR BLEACH","4233","Clorox/Home Cleaning","32437","00044600324371","Each","","11.59","15.039","15.99","3","9.847","","","","","","A","A","","","","","","","Promotional","","10044600324378","false","High Awareness","Clorox Pro Results Outdoor Bleach","Clorox Concentrated Outdoor Bleach makes it easy to tackle outdoor stains, dirt and grime, mold, mildew and algae on patio furniture, decks, fences, driveways, house siding and more with this outdoor bleach cleaner. This concentrated bleach has more whitening and disinfecting power versus the previous Clorox Outdoor Bleach. Get more cleaning power per drop compared to the previous Clorox Outdoor Bleach and reduce the amount of bleach required for cleaning. Bring Americas #1 bleach outside and make cleaning and removing outdoor stains a breeze. Great for use in a pump sprayer, no mixing or measuring required. The thicker formula reduces splashing and spilling, so that you can tackle any outdoor mess with less mess. Give your home some curb appeal with the power of Clorox. A little goes a long way with Clorox Pro Results Outdoor Bleach.","","","United States","Cleaning Chemicals","W527","Cleaning Supplies","CLNG","Bleach","11K8","Multi-Purpose Cleaners","6YV6","Clorox","",""
"399055","2IN1 DR ULTFN BLK MARKER","5297","Milwaukee Elec.Tool","48-22-3152","00045242345526","Each","","7.99","38.924","","90","4.88","15","5.062","1","5.326","","N/A","N/A","","","","","","","Promotional","","10045242345523,20045242345520","true","High Awareness","MILWAUKEE Black Marker","The MILWAUKEE INKZALL 2IN1 Deep Reach Ultra Fine Point Jobsite Marker is designed with an adjustable length tip to provide better access and longer life. The durable marker tip can withstand writing on rough surfaces and writes through dusty, wet, or oily contamination. For added user convenience, the 2IN1 INKZALL marker is built to resharpen and features a hard hat/helmet clip for easy storage and access. INKZALL markers confirm Milwaukees commitment to best-in-class durability and their relentless mission to provide innovative solutions to the end user.","","Black","Germany","Marking Tools","ZKY2","Hand Tools","HDTL","Marker","727C","Writing Utensils","MZNG","Milwaukee","",""
"334150","HEADBAND EARMUFF","6433","Safety Works","SWX00334-01","00848309009238","Each","","29.99","41.244","34.99","4","17.621","","","1","18.609","","D","C","","","","","","","Promotional","","10848309009235","true","Low Awareness","Safety Works Pro Earmuffs","Professional grade earmuffs. Features a premium cushioned headband to alleviate discomfort from a pressure point. Also includes a soft ear seal for comfort. Ideal for use with indoor and outdoor power tools.","","","China","Hearing Protection","87T3","Safety","SAFE","Earmuffs","496Q","Protective & Radio Earmuffs","MM5T","Safety Works","",""
"216596","4CT IND ST BLK H&L STRIP","0485","Wrap-it Storage","404-IS-4BL","00810016855040","Each","","4.99","34.749","","36","3.256","6","3.397","1","3.572","","N/A","N/A","","","","","","","Promotional","","10810016855047,20810016855044","true","Mod Awareness","Wrap-It Storage 4 In. Hook & Loop Strip","When regular strength just won't cut it. Bring on the heavy-duty power strips and tools. Our Industrial Strength Stick 'Em won't wilt under the weight of those harder hanging jobs. Get your garage, shed, home or RV organized like a pro!","4 In.","Black","China","Fasteners","99V6","Hardware","HDWE","Hook & Loop Strip","QXJI","Hook & Loop Fasteners","5N39","Wrap-It Storage","",""
"797695","16OZ WOOD FILLER TUB","5260","Gorilla Glue","119452","00052427016294","Each","","10.99","34.568","","6","7.191","","","1","7.566","","B","B","","","","","","","Promotional","","30052427840876,10052427010640","true","High Awareness","Gorilla Wood Filler","All purpose wood filler is the go-to product for strong, durable repairs on cracks, gouges, and holes. The unique formula is easy to spread allowing for a smooth, natural finish. Its high performance stainability, paintability, and sandability provides you with a professional looking finished project. Shrink and crack resistant. Anchors nails and screws. Sandable, works with high speed sanders. Moldable and water resistant. Ideal for interior and exterior use. For outdoor use, coat with exterior paint. Not recommended for continuous water submersion.","","Natural Wood","United States","Patching & Repair Products","67E7","Paint & Painting Supplies","PNTG","Wood Filler","96ER","Wood Fillers & Putties","955U","Gorilla","",""
"786649","8OZ WOOD FILLER TUB","5260","Gorilla Glue","107084","00052427016287","Each","","8.99","40.857","","4","5.317","","","1","5.593","","B","B","","","","","","","Promotional","","10052427010633","true","High Awareness","Gorilla Wood Filler","All purpose wood filler is the go-to product for strong, durable repairs on cracks, gouges, and holes. The unique formula is easy to spread allowing for a smooth, natural finish. Its high performance stainability, paintability, and sandability provides you with a professional looking finished project. Shrink and crack resistant. Anchors nails and screws. Sandable, works with high speed sanders. Moldable and water resistant. Ideal for interior and exterior use. For outdoor use, coat with exterior paint. Not recommended for continuous water submersion.","","Natural Wood","United States","Patching & Repair Products","67E7","Paint & Painting Supplies","PNTG","Wood Filler","96ER","Wood Fillers & Putties","955U","Gorilla","",""
"785300","6OZ WOOD FILLER TUBE","5260","Gorilla Glue","107072","00052427016270","Each","","9.99","38.719","","6","6.122","","","1","6.444","","B","B","","","","","","","Promotional","","10052427010619","true","High Awareness","Gorilla Wood Filler","All purpose wood filler is the go-to product for strong, durable repairs on cracks, gouges, and holes. The unique formula is easy to spread allowing for a smooth, natural finish. Its high performance stainability, paintability, and sandability provides you with a professional looking finished project. Shrink and crack resistant. Anchors nails and screws. Sandable, works with high speed sanders. Moldable and water resistant. Ideal for interior and exterior use. For outdoor use, coat with exterior paint. Not recommended for continuous water submersion.","","Natural Wood","United States","Patching & Repair Products","67E7","Paint & Painting Supplies","PNTG","Wood Filler","96ER","Wood Fillers & Putties","955U","Gorilla","",""
"477788","QT TOILET BOWL CLEANER","6256","Rooto Corp.","1090","00037904109027","Each","","5.49","42.368","","12","3.164","","","","","","B","C","","","","","","","Promotional","","10037904109024","true","Low Awareness","Rooto Industrial Toilet Bowl Cleaner","Industrial strength liquid toilet bowl cleaner is designed to clean and remove lime, rust, scale, and stains. Refreshing pine scent. Contains 15% hydrochloric acid. 32 oz. plastic container.","","","United States","Cleaning Chemicals","W527","Cleaning Supplies","CLNG","Toilet Bowl Cleaner","3J98","Toilet Cleaners & Deodorizers","46T9","Rooto","",""
"240678","MAX STRG MOUNTING TAPE","5260","Gorilla Glue","112961","00052427018878","Each","","11.49","31.967","11.49","6","7.817","","","1","8.208","","B","C","","","","","","","Promotional","","10052427014532","true","Mod Awareness","Gorilla Max Strength Mounting Tape","Gorilla Max Strength Mounting Tape, our strongest mounting tape, includes a mesh reinforced layer making it 1.5X stronger than our Heavy Duty Mounting Tape. It mounts in an instant for a permanent bond that holds 3 Lb. per 4 In. of tape. Gorilla Max Strength Mounting Tape is perfect for indoor projects and sticks to smooth and rough surfaces. Bonds permanently to painted walls, mirrors, plastic, metal, wood, glass, ceramic and more.","","Black","Netherlands","Tape & Adhesives","67XR","Office Supplies","OFFC","Mounting Tape","AP35","Mounting Adhesives","953I","Gorilla","",""

Performance Units (based on units sold)
"A = Top 40%, highest performing items"
"B = Top 30%, strong performing items"
"C = Middle 20%, average performing items"
"D = Bottom 7%, low performing items"
"E = Bottom 3%, worst performing items"

Performance Dollars (based on dollars earned)
"A = Top 40%, highest performing items"
"B = Top 30%, strong performing items"
"C = Middle 20%, average performing items"
"D = Bottom 7%, low performing items"
"E = Bottom 3%, worst performing items"